{"cameraMode":{"drawMode":0,"name":"Shaded","section":"Shading Mode"},"sceneLighting":false,"audioPlay":false,"sceneViewState":{"m_AlwaysRefresh":false,"showFog":false,"showSkybox":false,"showFlares":false,"showImageEffects":false,"showParticleSystems":false,"showVisualEffectGraphs":true,"m_FxEnabled":true},"in2DMode":false,"pivot":{"x":0.2655520439147949,"y":0.3268496096134186,"z":-0.46563613414764407},"rotation":{"x":-0.0017265118658542634,"y":-0.9945709109306336,"z":0.016720155254006387,"w":-0.10269731283187866},"size":0.5482778549194336,"orthographic":false}