{"cameraMode":{"drawMode":0,"name":"Shaded","section":"Shading Mode"},"sceneLighting":true,"audioPlay":false,"sceneViewState":{"m_AlwaysRefresh":false,"showFog":true,"showSkybox":true,"showFlares":true,"showImageEffects":true,"showParticleSystems":true,"showVisualEffectGraphs":true,"m_FxEnabled":true},"in2DMode":false,"pivot":{"x":0.29259636998176577,"y":1.465986967086792,"z":1.5148447751998902},"rotation":{"x":0.010128247551620007,"y":-0.1101747527718544,"z":-0.001121804933063686,"w":-0.9938653707504273},"size":1.1482778787612916,"orthographic":false}